{
    "CLI_version": "3.6.4",
    "branch": "master",
    "conf": {
        "files": [
            "./DummyERC20A.sol",
            "./DummyERC20B.sol",
            "./harness/StakingRewardsHarness.sol:StakingRewardsHarness"
        ],
        "link": [
            "StakingRewardsHarness:rewardsToken=DummyERC20B",
            "StakingRewardsHarness:stakingToken=DummyERC20A"
        ],
        "msg": "StakingRewards  -- ",
        "process": "emv",
        "rule_sanity": "basic",
        "run_source": "COMMAND",
        "send_only": true,
        "settings": [
            "-ruleSanityChecks=basic"
        ],
        "solc": "solc",
        "verify": [
            "StakingRewardsHarness:spec/StakingRewards.spec"
        ]
    },
    "context": {
        "address": {},
        "assert_contracts": null,
        "build_dir": null,
        "build_only": false,
        "bytecode_jsons": null,
        "bytecode_spec": null,
        "cache": "./DummyERC20A.sol-./DummyERC20B.sol-./harness/StakingRewardsHarness.sol:StakingRewardsHarness-optimisticFalse-iterNone",
        "check_args": false,
        "cloud": null,
        "coinbaseMode": false,
        "commit_sha1": null,
        "conf_file": "last_conf_16_03_2023__11_06_27.conf",
        "contract_to_file": {
            "DummyERC20A": "DummyERC20A.sol",
            "DummyERC20B": "DummyERC20B.sol",
            "StakingRewardsHarness": "harness/StakingRewardsHarness.sol"
        },
        "contracts": [
            "StakingRewardsHarness",
            "DummyERC20B",
            "DummyERC20A"
        ],
        "debug": false,
        "debug_topics": null,
        "delay_fetch_output_seconds": null,
        "disableLocalTypeChecking": false,
        "disable_auto_cache_key_gen": false,
        "domain": "https://prover.certora.com",
        "dynamic_bound": null,
        "dynamic_dispatch": false,
        "expected_file": "expected.json",
        "file_paths": [
            "DummyERC20B.sol",
            "harness/StakingRewardsHarness.sol",
            "DummyERC20A.sol"
        ],
        "file_to_contract": {
            "DummyERC20A.sol": [
                "DummyERC20A"
            ],
            "DummyERC20B.sol": [
                "DummyERC20B"
            ],
            "harness/StakingRewardsHarness.sol": [
                "StakingRewardsHarness"
            ]
        },
        "files": [
            "./DummyERC20A.sol",
            "./DummyERC20B.sol",
            "./harness/StakingRewardsHarness.sol:StakingRewardsHarness"
        ],
        "get_conf": null,
        "hashing_length_bound": null,
        "include_empty_fallback": false,
        "internal_funcs": null,
        "jar": null,
        "java_args": null,
        "link": [
            "StakingRewardsHarness:rewardsToken=DummyERC20B",
            "StakingRewardsHarness:stakingToken=DummyERC20A"
        ],
        "local": false,
        "log_branch": null,
        "log_query_frequency_seconds": null,
        "loop_iter": null,
        "max_attempts_to_fetch_output": null,
        "max_graph_depth": null,
        "max_poll_minutes": null,
        "method": null,
        "mode": "Mode.VERIFY",
        "msg": "StakingRewards  -- ",
        "multi_assert_check": false,
        "multi_example": null,
        "no_calltrace_storage_information": false,
        "no_compare": false,
        "optimistic_hashing": false,
        "optimistic_loop": false,
        "optimize": null,
        "optimize_map": null,
        "packages": null,
        "packages_path": "/Users/maxtaylor/Documents/Mine/Security/certora-staking-competition/node_modules",
        "path": "/Users/maxtaylor/Documents/Mine/Security/certora-staking-competition",
        "process": "emv",
        "prototype": null,
        "queue_wait_minutes": null,
        "rule": null,
        "rule_sanity": "basic",
        "run_source": "COMMAND",
        "send_only": true,
        "settings": [
            "-ruleSanityChecks=basic"
        ],
        "short_output": true,
        "show_debug_topics": false,
        "skip_payable_envfree_check": false,
        "smt_timeout": null,
        "solc": "/opt/homebrew/bin/solc",
        "solc_args": null,
        "solc_map": null,
        "spec_files": [
            "spec/StakingRewards.spec"
        ],
        "staging": null,
        "struct_link": null,
        "tool_output": null,
        "typecheck_only": false,
        "user_defined_cache": false,
        "verified_contract_files": [
            "harness/StakingRewardsHarness.sol"
        ],
        "verify": [
            "StakingRewardsHarness:spec/StakingRewards.spec"
        ]
    },
    "cwd_relative": ".",
    "dirty": true,
    "origin": "https://github.com/max-taylor/Certora-Staking-Competition.git",
    "raw_args": [
        "/opt/homebrew/bin/certoraRun",
        "./harness/StakingRewardsHarness.sol:StakingRewardsHarness",
        "./DummyERC20A.sol",
        "./DummyERC20B.sol",
        "--verify",
        "StakingRewardsHarness:spec/StakingRewards.spec",
        "--link",
        "StakingRewardsHarness:stakingToken=DummyERC20A",
        "--link",
        "StakingRewardsHarness:rewardsToken=DummyERC20B",
        "--solc",
        "solc",
        "--send_only",
        "--rule_sanity",
        "basic",
        "--msg",
        "StakingRewards  -- "
    ],
    "revision": "d2249a9d9b8f4b5413fc121bb6ed889f031624e4",
    "timestamp": "1678892787.387478"
}